{"leftRobotTCP": [-0.3163781385248825, -0.18451901471452167, 0.0005489118583749323, 0.7119209336073634, -0.6391080199054241, 0.21806876172932987, -0.19275771927999438], "rightRobotTCP": [0.3022637790624143, 0.034262374449147835, 0.0011221844776978524, 0.5003751489495385, -0.5015063244156098, -0.49956276176976666, -0.4985510645238219], "leftRobotTCPVel": [0.0, 0.0, 0.0, 0.0, 0.0, 0.0], "rightRobotTCPVel": [0.0, 0.0, 0.0, 0.0, 0.0, 0.0], "leftRobotTCPWrench": [0.0, 0.0, 0.0, 0.0, 0.0, 0.0], "rightRobotTCPWrench": [0.0, 0.0, 0.0, 0.0, 0.0, 0.0], "leftGripperState": [0.05, 0.0], "rightGripperState": [0.0, 0.0]}